filename,lat,lon,point_id,image_id,captured_at
c17cd19a87e1a1a6_1065964548501710.jpg,33.595061093544,73.048833936992,c17cd19a87e1a1a6,1065964548501710,2024-09-27T13:18:53.621000+00:00
7d4e27f959404af8_1900164696797607.jpg,33.5927879,73.056559151777,7d4e27f959404af8,1900164696797607,2018-06-27T14:07:59.772000+00:00
7933e11c57a266b1_154612963208901.jpg,33.607659819567,73.06569367654,7933e11c57a266b1,154612963208901,2017-12-12T06:20:19.076000+00:00
154bb8b8b1338d76_409069598677545.jpg,33.601232056616,73.034687847414,154bb8b8b1338d76,409069598677545,2024-09-27T13:24:57.600000+00:00
ff4c255f7e224e54_1043961977397941.jpg,33.591597391463,73.053295339329,ff4c255f7e224e54,1043961977397941,2024-09-27T13:17:14.626000+00:00
af0edc186cd66db8_1248195419644983.jpg,33.592326388848,73.052441480691,af0edc186cd66db8,1248195419644983,2024-09-27T13:17:21.598000+00:00
b23d3e01d6295b8d_1994986324259279.jpg,33.600270316456,73.037969812894,b23d3e01d6295b8d,1994986324259279,2024-09-27T13:21:40.596000+00:00
38504d9a70c20013_1900164696797607.jpg,33.5927879,73.056559151777,38504d9a70c20013,1900164696797607,2018-06-27T14:07:59.772000+00:00
7e6dfd120e0ccff2_1186894139088665.jpg,33.595793398986,73.047823174866,7e6dfd120e0ccff2,1186894139088665,2024-09-27T13:19:16.645000+00:00
e0171e29c2fb0449_8393823253997311.jpg,33.599485106425,73.040636889721,e0171e29c2fb0449,8393823253997311,2024-09-27T13:21:19.634000+00:00
ce2c5290faa8b7df_1719473728613780.jpg,33.601997390879,73.032447714073,ce2c5290faa8b7df,1719473728613780,2024-09-27T13:25:24.656000+00:00
69652d60d1704d2d_2983693561768934.jpg,33.603595334232,73.027168286451,69652d60d1704d2d,2983693561768934,2024-09-27T13:27:14.689000+00:00
e6b6ebe11d4c7bbc_1065964548501710.jpg,33.595061093544,73.048833936992,e6b6ebe11d4c7bbc,1065964548501710,2024-09-27T13:18:53.621000+00:00
199b3dded91cd4bd_1569733440588141.jpg,33.603800733014,73.026472135389,199b3dded91cd4bd,1569733440588141,2024-09-27T13:28:27.635000+00:00
a50e07baa596683b_2022834591491407.jpg,33.587075536361,73.062199553619,a50e07baa596683b,2022834591491407,2024-09-27T13:14:47.582000+00:00
b10a6ab60403bc79_468851629537921.jpg,33.593508112401,73.050858621758,b10a6ab60403bc79,468851629537921,2024-09-27T13:18:15.619000+00:00
2d4b32ce8e1a087a_1081414226983567.jpg,33.59115890602,73.053838946433,2d4b32ce8e1a087a,1081414226983567,2024-09-27T13:17:09.568000+00:00
6fddb80995e0b9c2_154612963208901.jpg,33.607659819567,73.06569367654,6fddb80995e0b9c2,154612963208901,2017-12-12T06:20:19.076000+00:00
d4b6d5dda9ab4e91_1081414226983567.jpg,33.59115890602,73.053838946433,d4b6d5dda9ab4e91,1081414226983567,2024-09-27T13:17:09.568000+00:00
11cc76d967ce574d_1073794344212903.jpg,33.591327527398,73.053623435032,11cc76d967ce574d,1073794344212903,2024-09-27T13:17:11.630000+00:00
491350e706ae8ddb_154612963208901.jpg,33.607659819567,73.06569367654,491350e706ae8ddb,154612963208901,2017-12-12T06:20:19.076000+00:00
9ad214ecb143c17f_154612963208901.jpg,33.607659819567,73.06569367654,9ad214ecb143c17f,154612963208901,2017-12-12T06:20:19.076000+00:00
1f25f8b092b305a3_192187496090676.jpg,33.604100109143,73.049218718286,1f25f8b092b305a3,192187496090676,2019-10-27T12:05:58.830000+00:00
c8eebbd1483cb282_1032369511976272.jpg,33.591416634941,73.053513800926,c8eebbd1483cb282,1032369511976272,2024-09-27T13:17:12.639000+00:00
ea7ceeda36d8098b_1766271497468965.jpg,33.594658078266,73.049345052036,ea7ceeda36d8098b,1766271497468965,2024-09-27T13:18:45.684000+00:00
ac699d4bc99a95e5_3906885322965155.jpg,33.601313758456,73.034440101707,ac699d4bc99a95e5,3906885322965155,2024-09-27T13:25:01.650000+00:00
bc0ee785b52e4f93_165276608934607.jpg,33.604100182026,73.049218864052,bc0ee785b52e4f93,165276608934607,2019-10-27T12:06:00.233000+00:00
ff4b5e331ed802d0_1564979634158499.jpg,33.60288986317,73.029578036281,ff4b5e331ed802d0,1564979634158499,2024-09-27T13:25:56.614000+00:00
e4f0b51d3ddaf551_1693308674847400.jpg,33.601015237698,73.035444785033,e4f0b51d3ddaf551,1693308674847400,2024-09-27T13:23:46.240000+00:00
a73fa54af2cf2a78_1072596527879265.jpg,33.584836490564,73.06490689543,a73fa54af2cf2a78,1072596527879265,2024-09-27T13:13:55.533000+00:00
cce383056da19765_1080452337125502.jpg,33.58956668766,73.056069828376,cce383056da19765,1080452337125502,2024-09-27T13:16:51.602000+00:00
9f76c5f5ec9ca9a8_522147813746467.jpg,33.586440186167,73.062618373641,9f76c5f5ec9ca9a8,522147813746467,2024-09-27T13:14:16.632000+00:00
10c40d54d4bf1216_1072596527879265.jpg,33.584836490564,73.06490689543,10c40d54d4bf1216,1072596527879265,2024-09-27T13:13:55.533000+00:00
534b13f988abd9d9_1066730038195611.jpg,33.596192700123,73.047284951687,534b13f988abd9d9,1066730038195611,2024-09-27T13:19:35.616000+00:00
18ab12e1bbbccbfe_154612963208901.jpg,33.607659819567,73.06569367654,18ab12e1bbbccbfe,154612963208901,2017-12-12T06:20:19.076000+00:00
53aa99105c0820e0_165276608934607.jpg,33.604100182026,73.049218864052,53aa99105c0820e0,165276608934607,2019-10-27T12:06:00.233000+00:00
2826f0b1bb10c974_165276608934607.jpg,33.604100182026,73.049218864052,2826f0b1bb10c974,165276608934607,2019-10-27T12:06:00.233000+00:00
4642ee90cba62f97_1067141964968676.jpg,33.598662082059,73.043165404806,4642ee90cba62f97,1067141964968676,2024-09-27T13:20:58.698000+00:00
7364faffa483202d_3794818734139690.jpg,33.587538750893,73.061716893358,7364faffa483202d,3794818734139690,2024-09-27T13:14:54.575000+00:00
02fbbcf7dc9c978a_2326421241031667.jpg,33.599926593034,73.039217348401,02fbbcf7dc9c978a,2326421241031667,2024-09-27T13:21:30.721000+00:00
4ddbe5001afb0bb6_1077540830478940.jpg,33.59539559788,73.048385233049,4ddbe5001afb0bb6,1077540830478940,2024-09-27T13:19:01.629000+00:00
0599e3a251110d98_1900164696797607.jpg,33.5927879,73.056559151777,0599e3a251110d98,1900164696797607,2018-06-27T14:07:59.772000+00:00
6287218684b4abae_165276608934607.jpg,33.604100182026,73.049218864052,6287218684b4abae,165276608934607,2019-10-27T12:06:00.233000+00:00
54faaa604e96d459_310890227220270.jpg,33.607849418217,73.065662747317,54faaa604e96d459,310890227220270,2017-12-12T06:20:17.079000+00:00
5364b7c4cd1fb31e_1079482717169661.jpg,33.595225717094,73.048623808825,5364b7c4cd1fb31e,1079482717169661,2024-09-27T13:18:57.617000+00:00
0c7910dd41ae3302_1173216337097306.jpg,33.596061188927,73.047478822238,0c7910dd41ae3302,1173216337097306,2024-09-27T13:19:30.641000+00:00
c9e6b4fc7aeb5823_558934900041637.jpg,33.593416722019,73.050972452831,c9e6b4fc7aeb5823,558934900041637,2024-09-27T13:18:12.583000+00:00
3b62569f1cd8dac5_1900164696797607.jpg,33.5927879,73.056559151777,3b62569f1cd8dac5,1900164696797607,2018-06-27T14:07:59.772000+00:00
5b7e219a5fab4d7e_1081511193317987.jpg,33.593478902356,73.050897725449,5b7e219a5fab4d7e,1081511193317987,2024-09-27T13:18:14.574000+00:00
e79e6e46f2ddf177_1693308674847400.jpg,33.601015237698,73.035444785033,e79e6e46f2ddf177,1693308674847400,2024-09-27T13:23:46.240000+00:00
d2773c5725e9c6d3_498628299715402.jpg,33.599203976774,73.041516080309,d2773c5725e9c6d3,498628299715402,2024-09-27T13:21:12.596000+00:00
583cf1815b5aef75_857314786588202.jpg,33.587920572326,73.06115387803,583cf1815b5aef75,857314786588202,2024-09-27T13:14:59.573000+00:00
448a1b8b0bda41e3_1213530716618479.jpg,33.592925302147,73.051624643082,448a1b8b0bda41e3,1213530716618479,2024-09-27T13:17:33.677000+00:00
a7c78af96384e321_8393823253997311.jpg,33.599485106425,73.040636889721,a7c78af96384e321,8393823253997311,2024-09-27T13:21:19.634000+00:00
38b29b70d1b58853_972123078011294.jpg,33.591695921493,73.053191427709,38b29b70d1b58853,972123078011294,2024-09-27T13:17:15.580000+00:00
7b04792775960748_8376839002406298.jpg,33.590063940682,73.055334497423,7b04792775960748,8376839002406298,2024-09-27T13:16:57.625000+00:00
9cce5a17b7a759c2_1086951879463247.jpg,33.590158354281,73.055212593992,9cce5a17b7a759c2,1086951879463247,2024-09-27T13:16:58.596000+00:00
3dd845123a273e85_1067141964968676.jpg,33.598662082059,73.043165404806,3dd845123a273e85,1067141964968676,2024-09-27T13:20:58.698000+00:00
dfa53c88dfa2e12d_891260245893242.jpg,33.594241957983,73.049830064608,dfa53c88dfa2e12d,891260245893242,2024-09-27T13:18:35.623000+00:00
69064ea178e9137d_1719473728613780.jpg,33.601997390879,73.032447714073,69064ea178e9137d,1719473728613780,2024-09-27T13:25:24.656000+00:00
6150464852a00434_2022834591491407.jpg,33.587075536361,73.062199553619,6150464852a00434,2022834591491407,2024-09-27T13:14:47.582000+00:00
84ca398935acda4b_165276608934607.jpg,33.604100182026,73.049218864052,84ca398935acda4b,165276608934607,2019-10-27T12:06:00.233000+00:00
c24bb8fe7957034d_1116940419992174.jpg,33.597454085213,73.045694103029,c24bb8fe7957034d,1116940419992174,2024-09-27T13:20:10.578000+00:00
72c8e39a5cddaa87_2983693561768934.jpg,33.603595334232,73.027168286451,72c8e39a5cddaa87,2983693561768934,2024-09-27T13:27:14.689000+00:00
303b595e57e27495_1649978252399405.jpg,33.600047364876,73.038817511971,303b595e57e27495,1649978252399405,2024-09-27T13:21:33.603000+00:00
baaf65d40d584787_1064253165425730.jpg,33.586879749639,73.062350845845,baaf65d40d584787,1064253165425730,2024-09-27T13:14:43.662000+00:00
e28fb2235c14e59d_165276608934607.jpg,33.604100182026,73.049218864052,e28fb2235c14e59d,165276608934607,2019-10-27T12:06:00.233000+00:00
09a1630d984b3e67_1719473728613780.jpg,33.601997390879,73.032447714073,09a1630d984b3e67,1719473728613780,2024-09-27T13:25:24.656000+00:00
3dea9fd2e1e23873_459318943141496.jpg,33.601741288608,73.033246266609,3dea9fd2e1e23873,459318943141496,2024-09-27T13:25:14.620000+00:00
71a8e2fc5093e304_903490155001257.jpg,33.589228179818,73.056790515694,71a8e2fc5093e304,903490155001257,2024-09-27T13:16:45.568000+00:00
764015da1c1da1a8_453010531122902.jpg,33.602049412544,73.032278830171,764015da1c1da1a8,453010531122902,2024-09-27T13:25:26.640000+00:00
c84b8f05adf69540_2284635775230061.jpg,33.597621821621,73.045447827325,c84b8f05adf69540,2284635775230061,2024-09-27T13:20:15.620000+00:00
ac0a54bf7437f9de_2022834591491407.jpg,33.587075536361,73.062199553619,ac0a54bf7437f9de,2022834591491407,2024-09-27T13:14:47.582000+00:00
b98996f8e5aa07f4_1084548963018922.jpg,33.601513482989,73.033897853055,b98996f8e5aa07f4,1084548963018922,2024-09-27T13:25:07.683000+00:00
7e463864eac24c81_1067937744324311.jpg,33.599122004366,73.041749913209,7e463864eac24c81,1067937744324311,2024-09-27T13:21:10.613000+00:00
e2b52bdf2b1ea9e6_522147813746467.jpg,33.586440186167,73.062618373641,e2b52bdf2b1ea9e6,522147813746467,2024-09-27T13:14:16.632000+00:00
0c927808c2f1d133_1719473728613780.jpg,33.601997390879,73.032447714073,0c927808c2f1d133,1719473728613780,2024-09-27T13:25:24.656000+00:00
24ab6f170f0f0571_503478555862055.jpg,33.588529723838,73.059886805987,24ab6f170f0f0571,503478555862055,2024-09-27T13:15:09.634000+00:00
b66da0d712f5606f_165276608934607.jpg,33.604100182026,73.049218864052,b66da0d712f5606f,165276608934607,2019-10-27T12:06:00.233000+00:00
5b9e47fcb9098d87_154612963208901.jpg,33.607659819567,73.06569367654,5b9e47fcb9098d87,154612963208901,2017-12-12T06:20:19.076000+00:00
81cb4f75dc20ab3b_165276608934607.jpg,33.604100182026,73.049218864052,81cb4f75dc20ab3b,165276608934607,2019-10-27T12:06:00.233000+00:00
3974d0ba82c7a1db_165276608934607.jpg,33.604100182026,73.049218864052,3974d0ba82c7a1db,165276608934607,2019-10-27T12:06:00.233000+00:00
d44e87a5f168f4e3_499833626295969.jpg,33.600803282999,73.036164448317,d44e87a5f168f4e3,499833626295969,2024-09-27T13:22:37.623000+00:00
c531779cac01363a_1649978252399405.jpg,33.600047364876,73.038817511971,c531779cac01363a,1649978252399405,2024-09-27T13:21:33.603000+00:00
d37db47914790b4e_1900164696797607.jpg,33.5927879,73.056559151777,d37db47914790b4e,1900164696797607,2018-06-27T14:07:59.772000+00:00
924c47ec2404501a_1900164696797607.jpg,33.5927879,73.056559151777,924c47ec2404501a,1900164696797607,2018-06-27T14:07:59.772000+00:00
c9398821e3691324_905676001448924.jpg,33.595721901538,73.047908592212,c9398821e3691324,905676001448924,2024-09-27T13:19:13.725000+00:00
b562572f7e7ad053_1815359085663502.jpg,33.595137468303,73.048727391198,b562572f7e7ad053,1815359085663502,2024-09-27T13:18:55.649000+00:00
5509e6ea80a4cfca_1116940419992174.jpg,33.597454085213,73.045694103029,5509e6ea80a4cfca,1116940419992174,2024-09-27T13:20:10.578000+00:00
8d95131370ec5f51_1900164696797607.jpg,33.5927879,73.056559151777,8d95131370ec5f51,1900164696797607,2018-06-27T14:07:59.772000+00:00
10719606b29b4e8e_1067141964968676.jpg,33.598662082059,73.043165404806,10719606b29b4e8e,1067141964968676,2024-09-27T13:20:58.698000+00:00
9f9f8514428d925b_1818846311976941.jpg,33.594761919054,73.049211606393,9f9f8514428d925b,1818846311976941,2024-09-27T13:18:47.612000+00:00
4e9390dafb03bf23_1900164696797607.jpg,33.5927879,73.056559151777,4e9390dafb03bf23,1900164696797607,2018-06-27T14:07:59.772000+00:00
b4b613f6b16bfaca_154612963208901.jpg,33.607659819567,73.06569367654,b4b613f6b16bfaca,154612963208901,2017-12-12T06:20:19.076000+00:00
aedcffa35d6e8f25_513764011461960.jpg,33.601251407776,73.034633443515,aedcffa35d6e8f25,513764011461960,2024-09-27T13:24:58.666000+00:00
d14c44c15240e4ce_165276608934607.jpg,33.604100182026,73.049218864052,d14c44c15240e4ce,165276608934607,2019-10-27T12:06:00.233000+00:00
82b210263e981fbe_1900607487097246.jpg,33.591902035256,73.052965370317,82b210263e981fbe,1900607487097246,2024-09-27T13:17:17.604000+00:00
4181e5e343cf8b32_1213530716618479.jpg,33.592925302147,73.051624643082,4181e5e343cf8b32,1213530716618479,2024-09-27T13:17:33.677000+00:00
18824ad2a5fe2ba6_165276608934607.jpg,33.604100182026,73.049218864052,18824ad2a5fe2ba6,165276608934607,2019-10-27T12:06:00.233000+00:00
5941393df1971570_154612963208901.jpg,33.607659819567,73.06569367654,5941393df1971570,154612963208901,2017-12-12T06:20:19.076000+00:00
dbf1eea583f1e664_165276608934607.jpg,33.604100182026,73.049218864052,dbf1eea583f1e664,165276608934607,2019-10-27T12:06:00.233000+00:00
cfeaba8b9b50711b_1064253165425730.jpg,33.586879749639,73.062350845845,cfeaba8b9b50711b,1064253165425730,2024-09-27T13:14:43.662000+00:00
17c84d4c07e0669e_2305536289810441.jpg,33.600948696278,73.035671506094,17c84d4c07e0669e,2305536289810441,2024-09-27T13:22:54.677000+00:00
3787d04fcdd04082_1213530716618479.jpg,33.592925302147,73.051624643082,3787d04fcdd04082,1213530716618479,2024-09-27T13:17:33.677000+00:00
1404fb4b3e5b0782_1170113607387789.jpg,33.602398412525,73.031039282983,1404fb4b3e5b0782,1170113607387789,2024-09-27T13:25:40.711000+00:00
600e751a03a39c22_907409301307986.jpg,33.603772612659,73.026569017383,600e751a03a39c22,907409301307986,2024-09-27T13:28:23.638000+00:00
cef687adca2c1905_165276608934607.jpg,33.604100182026,73.049218864052,cef687adca2c1905,165276608934607,2019-10-27T12:06:00.233000+00:00
0c744f8759ecc844_3808404526065369.jpg,33.60426732174,73.025013283697,0c744f8759ecc844,3808404526065369,2024-09-27T13:31:57.668000+00:00
4068e100b37d0875_165276608934607.jpg,33.604100182026,73.049218864052,4068e100b37d0875,165276608934607,2019-10-27T12:06:00.233000+00:00
3eb416d941e92d73_972123078011294.jpg,33.591695921493,73.053191427709,3eb416d941e92d73,972123078011294,2024-09-27T13:17:15.580000+00:00
a513c830a29e830e_574188574951422.jpg,33.589025945982,73.057529065801,a513c830a29e830e,574188574951422,2024-09-27T13:16:38.577000+00:00
76558e8246a1aed1_593875443294137.jpg,33.600532711796,73.036953155049,76558e8246a1aed1,593875443294137,2024-09-27T13:22:13.627000+00:00
a8be2beb672260fa_154612963208901.jpg,33.607659819567,73.06569367654,a8be2beb672260fa,154612963208901,2017-12-12T06:20:19.076000+00:00
d0b3db6af924c576_555265613727812.jpg,33.591798501664,73.053081791267,d0b3db6af924c576,555265613727812,2024-09-27T13:17:16.562000+00:00
93fa3ebb460968a7_1900164696797607.jpg,33.5927879,73.056559151777,93fa3ebb460968a7,1900164696797607,2018-06-27T14:07:59.772000+00:00
b1bc42ad13b76b27_891260245893242.jpg,33.594241957983,73.049830064608,b1bc42ad13b76b27,891260245893242,2024-09-27T13:18:35.623000+00:00
2d530bc6f688f959_1719473728613780.jpg,33.601997390879,73.032447714073,2d530bc6f688f959,1719473728613780,2024-09-27T13:25:24.656000+00:00
1edee8a227fcb02f_165276608934607.jpg,33.604100182026,73.049218864052,1edee8a227fcb02f,165276608934607,2019-10-27T12:06:00.233000+00:00
7e765cc6f0da67b1_154612963208901.jpg,33.607659819567,73.06569367654,7e765cc6f0da67b1,154612963208901,2017-12-12T06:20:19.076000+00:00
aca1319b2b219523_409069598677545.jpg,33.601232056616,73.034687847414,aca1319b2b219523,409069598677545,2024-09-27T13:24:57.600000+00:00
7daf96602a397153_749866507271527.jpg,33.589428477849,73.056323157385,7daf96602a397153,749866507271527,2024-09-27T13:16:49.655000+00:00
899b43a108da0928_920863906677042.jpg,33.598628283794,73.043270363013,899b43a108da0928,920863906677042,2024-09-27T13:20:57.618000+00:00
5d15a3e03c5095d8_1693308674847400.jpg,33.601015237698,73.035444785033,5d15a3e03c5095d8,1693308674847400,2024-09-27T13:23:46.240000+00:00
d5f756ce884499d2_154612963208901.jpg,33.607659819567,73.06569367654,d5f756ce884499d2,154612963208901,2017-12-12T06:20:19.076000+00:00
e2ec5815657bcfd4_1285649395783631.jpg,33.594384128182,73.049664767175,e2ec5815657bcfd4,1285649395783631,2024-09-27T13:18:39.681000+00:00
ace8a75fecefaab2_1900164696797607.jpg,33.5927879,73.056559151777,ace8a75fecefaab2,1900164696797607,2018-06-27T14:07:59.772000+00:00
d9b09278e6129290_1569733440588141.jpg,33.603800733014,73.026472135389,d9b09278e6129290,1569733440588141,2024-09-27T13:28:27.635000+00:00
6a3b693fd23da8b3_555265613727812.jpg,33.591798501664,73.053081791267,6a3b693fd23da8b3,555265613727812,2024-09-27T13:17:16.562000+00:00
34eead6417da31a5_828869669113148.jpg,33.597972305468,73.044932054935,34eead6417da31a5,828869669113148,2024-09-27T13:20:22.623000+00:00
1c0194dc0e96e647_1051416596444947.jpg,33.601796171619,73.033103638059,1c0194dc0e96e647,1051416596444947,2024-09-27T13:25:16.670000+00:00
a3e844fe41cf3ce2_1040561997859761.jpg,33.592900108392,73.051660237274,a3e844fe41cf3ce2,1040561997859761,2024-09-27T13:17:31.594000+00:00
4750ed16f3617f41_1900164696797607.jpg,33.5927879,73.056559151777,4750ed16f3617f41,1900164696797607,2018-06-27T14:07:59.772000+00:00
9e827f09441c706b_1719473728613780.jpg,33.601997390879,73.032447714073,9e827f09441c706b,1719473728613780,2024-09-27T13:25:24.656000+00:00
1f9da736253fe6ec_1564979634158499.jpg,33.60288986317,73.029578036281,1f9da736253fe6ec,1564979634158499,2024-09-27T13:25:56.614000+00:00
a28ea3bd496e3309_1202191784417733.jpg,33.600999708327,73.035506319768,a28ea3bd496e3309,1202191784417733,2024-09-27T13:23:00.691000+00:00
3ce2ab2898e8d153_1073794344212903.jpg,33.591327527398,73.053623435032,3ce2ab2898e8d153,1073794344212903,2024-09-27T13:17:11.630000+00:00
e40472ce3928719b_1900164696797607.jpg,33.5927879,73.056559151777,e40472ce3928719b,1900164696797607,2018-06-27T14:07:59.772000+00:00
3a9d531a1252ad59_1900607487097246.jpg,33.591902035256,73.052965370317,3a9d531a1252ad59,1900607487097246,2024-09-27T13:17:17.604000+00:00
15fee917e369fc47_920863906677042.jpg,33.598628283794,73.043270363013,15fee917e369fc47,920863906677042,2024-09-27T13:20:57.618000+00:00
8763b5d4f6fed2d7_418498484605567.jpg,33.588244299006,73.060547394712,8763b5d4f6fed2d7,418498484605567,2024-09-27T13:15:04.625000+00:00
e4889c6db01ec1ee_1202191784417733.jpg,33.600999708327,73.035506319768,e4889c6db01ec1ee,1202191784417733,2024-09-27T13:23:00.691000+00:00
76244d57401e5d6b_510854531918962.jpg,33.601475658205,73.033991780393,76244d57401e5d6b,510854531918962,2024-09-27T13:25:06.617000+00:00
a13d33efeb83961d_538562035430757.jpg,33.596880778207,73.046432858222,a13d33efeb83961d,538562035430757,2024-09-27T13:19:53.589000+00:00
8fbc42fae0690d49_852068760034060.jpg,33.593448385923,73.050934915519,8fbc42fae0690d49,852068760034060,2024-09-27T13:18:13.624000+00:00
e05ca15b4c4607a1_1900164696797607.jpg,33.5927879,73.056559151777,e05ca15b4c4607a1,1900164696797607,2018-06-27T14:07:59.772000+00:00
7a0327851fa45915_1081414226983567.jpg,33.59115890602,73.053838946433,7a0327851fa45915,1081414226983567,2024-09-27T13:17:09.568000+00:00
6b587318b1fe1484_1900164696797607.jpg,33.5927879,73.056559151777,6b587318b1fe1484,1900164696797607,2018-06-27T14:07:59.772000+00:00
f81973d7bab80a8e_1065964548501710.jpg,33.595061093544,73.048833936992,f81973d7bab80a8e,1065964548501710,2024-09-27T13:18:53.621000+00:00
f093233b90c0361f_165276608934607.jpg,33.604100182026,73.049218864052,f093233b90c0361f,165276608934607,2019-10-27T12:06:00.233000+00:00
d15580da8e72a031_165276608934607.jpg,33.604100182026,73.049218864052,d15580da8e72a031,165276608934607,2019-10-27T12:06:00.233000+00:00
7eaaa58f45412727_1766271497468965.jpg,33.594658078266,73.049345052036,7eaaa58f45412727,1766271497468965,2024-09-27T13:18:45.684000+00:00
66aff53677759a53_1576856266549773.jpg,33.593561810765,73.050784180274,66aff53677759a53,1576856266549773,2024-09-27T13:18:17.587000+00:00
3a7baa5d4026c156_518285257626963.jpg,33.599055914385,73.041967790814,3a7baa5d4026c156,518285257626963,2024-09-27T13:21:08.613000+00:00
b517faf524a16c73_154612963208901.jpg,33.607659819567,73.06569367654,b517faf524a16c73,154612963208901,2017-12-12T06:20:19.076000+00:00
45c29964cad173cf_1079285520418866.jpg,33.596643100823,73.046745807015,45c29964cad173cf,1079285520418866,2024-09-27T13:19:46.598000+00:00
3cb0bbc1f12c5ff3_547702331136374.jpg,33.592426328381,73.052310940877,3cb0bbc1f12c5ff3,547702331136374,2024-09-27T13:17:22.582000+00:00
ce40f416f70c4a69_1815359085663502.jpg,33.595137468303,73.048727391198,ce40f416f70c4a69,1815359085663502,2024-09-27T13:18:55.649000+00:00
b927acb68a8c39f0_441142228985365.jpg,33.58877318141,73.059055363366,b927acb68a8c39f0,441142228985365,2024-09-27T13:15:15.553000+00:00
b23f383406ec8e92_8300881463298928.jpg,33.604589934139,73.023706904591,b23f383406ec8e92,8300881463298928,2024-09-27T13:35:09.673000+00:00
ba0c2af425c0c97e_154612963208901.jpg,33.607659819567,73.06569367654,ba0c2af425c0c97e,154612963208901,2017-12-12T06:20:19.076000+00:00
df07daaa1d7d421c_154612963208901.jpg,33.607659819567,73.06569367654,df07daaa1d7d421c,154612963208901,2017-12-12T06:20:19.076000+00:00
558e6b87f171399e_1086951879463247.jpg,33.590158354281,73.055212593992,558e6b87f171399e,1086951879463247,2024-09-27T13:16:58.596000+00:00
d3a105a9e6272747_154612963208901.jpg,33.607659819567,73.06569367654,d3a105a9e6272747,154612963208901,2017-12-12T06:20:19.076000+00:00
ad657a0a15301c94_1081511193317987.jpg,33.593478902356,73.050897725449,ad657a0a15301c94,1081511193317987,2024-09-27T13:18:14.574000+00:00
fe8824d3bac6728c_1065964548501710.jpg,33.595061093544,73.048833936992,fe8824d3bac6728c,1065964548501710,2024-09-27T13:18:53.621000+00:00
196d3ff4853cbbc0_525663293525158.jpg,33.600088038467,73.038667004775,196d3ff4853cbbc0,525663293525158,2024-09-27T13:21:34.596000+00:00
b4b8fa293350bd27_1213530716618479.jpg,33.592925302147,73.051624643082,b4b8fa293350bd27,1213530716618479,2024-09-27T13:17:33.677000+00:00
8eb1fb1dc686ffd0_165276608934607.jpg,33.604100182026,73.049218864052,8eb1fb1dc686ffd0,165276608934607,2019-10-27T12:06:00.233000+00:00
222096e309ad7705_165276608934607.jpg,33.604100182026,73.049218864052,222096e309ad7705,165276608934607,2019-10-27T12:06:00.233000+00:00
6a0a532c9afdc640_891260245893242.jpg,33.594241957983,73.049830064608,6a0a532c9afdc640,891260245893242,2024-09-27T13:18:35.623000+00:00
2420f67019f2ad8d_538562035430757.jpg,33.596880778207,73.046432858222,2420f67019f2ad8d,538562035430757,2024-09-27T13:19:53.589000+00:00
33ca809c6b8db1a9_972123078011294.jpg,33.591695921493,73.053191427709,33ca809c6b8db1a9,972123078011294,2024-09-27T13:17:15.580000+00:00
7516a08577d3246f_1555756875313978.jpg,33.588579736027,73.059752532706,7516a08577d3246f,1555756875313978,2024-09-27T13:15:10.666000+00:00
7bf0031135e37eb0_863280102242660.jpg,33.599727247679,73.039864806607,7bf0031135e37eb0,863280102242660,2024-09-27T13:21:25.676000+00:00
f6f0b2ab53a43d15_1900164696797607.jpg,33.5927879,73.056559151777,f6f0b2ab53a43d15,1900164696797607,2018-06-27T14:07:59.772000+00:00
3260136f1649f880_544057968137637.jpg,33.603603665911,73.027133858467,3260136f1649f880,544057968137637,2024-09-27T13:27:18.684000+00:00
e18825f9c3cd0056_1065964548501710.jpg,33.595061093544,73.048833936992,e18825f9c3cd0056,1065964548501710,2024-09-27T13:18:53.621000+00:00
4c97050fab61a9d9_1248088613308887.jpg,33.588907965547,73.058259407433,4c97050fab61a9d9,1248088613308887,2024-09-27T13:15:24.592000+00:00
17c864c50e95a549_525663293525158.jpg,33.600088038467,73.038667004775,17c864c50e95a549,525663293525158,2024-09-27T13:21:34.596000+00:00
4b6435e6afe5a4b2_1614746302787929.jpg,33.58702073655,73.062246362941,4b6435e6afe5a4b2,1614746302787929,2024-09-27T13:14:46.628000+00:00
d2d4be7b97f494a5_821575043383762.jpg,33.597394866743,73.045766525748,d2d4be7b97f494a5,821575043383762,2024-09-27T13:20:08.617000+00:00
c5763c439e52a68f_527383963578587.jpg,33.595588110601,73.048116814699,c5763c439e52a68f,527383963578587,2024-09-27T13:19:07.614000+00:00
969c2ea5797da98b_1555756875313978.jpg,33.588579736027,73.059752532706,969c2ea5797da98b,1555756875313978,2024-09-27T13:15:10.666000+00:00
2e829ead22ba42d1_154612963208901.jpg,33.607659819567,73.06569367654,2e829ead22ba42d1,154612963208901,2017-12-12T06:20:19.076000+00:00
3e1afc27198af38f_154612963208901.jpg,33.607659819567,73.06569367654,3e1afc27198af38f,154612963208901,2017-12-12T06:20:19.076000+00:00
7bdb41dee578f56f_1300735731086359.jpg,33.589044323418,73.057434488209,7bdb41dee578f56f,1300735731086359,2024-09-27T13:16:39.650000+00:00
aff6a0345f5e78d3_154612963208901.jpg,33.607659819567,73.06569367654,aff6a0345f5e78d3,154612963208901,2017-12-12T06:20:19.076000+00:00
f2388f4777108706_882620107385448.jpg,33.604610255371,73.023596491264,f2388f4777108706,882620107385448,2024-09-27T13:35:51.607000+00:00
5890bb38432d2ef7_555265613727812.jpg,33.591798501664,73.053081791267,5890bb38432d2ef7,555265613727812,2024-09-27T13:17:16.562000+00:00
5029bae6f908469f_1569733440588141.jpg,33.603800733014,73.026472135389,5029bae6f908469f,1569733440588141,2024-09-27T13:28:27.635000+00:00
b114c8689629b5da_3906885322965155.jpg,33.601313758456,73.034440101707,b114c8689629b5da,3906885322965155,2024-09-27T13:25:01.650000+00:00
148818959a9105bb_1064253165425730.jpg,33.586879749639,73.062350845845,148818959a9105bb,1064253165425730,2024-09-27T13:14:43.662000+00:00
caec8f291c56b495_1900164696797607.jpg,33.5927879,73.056559151777,caec8f291c56b495,1900164696797607,2018-06-27T14:07:59.772000+00:00
db1360096e53d6df_1900164696797607.jpg,33.5927879,73.056559151777,db1360096e53d6df,1900164696797607,2018-06-27T14:07:59.772000+00:00
702793d773d70898_503478555862055.jpg,33.588529723838,73.059886805987,702793d773d70898,503478555862055,2024-09-27T13:15:09.634000+00:00
563ccf48023d0c01_154612963208901.jpg,33.607659819567,73.06569367654,563ccf48023d0c01,154612963208901,2017-12-12T06:20:19.076000+00:00
83cc8c8ebc69b367_154612963208901.jpg,33.607659819567,73.06569367654,83cc8c8ebc69b367,154612963208901,2017-12-12T06:20:19.076000+00:00
d2aebbf7425b3424_1900164696797607.jpg,33.5927879,73.056559151777,d2aebbf7425b3424,1900164696797607,2018-06-27T14:07:59.772000+00:00
849d65ea0d39aafa_154612963208901.jpg,33.607659819567,73.06569367654,849d65ea0d39aafa,154612963208901,2017-12-12T06:20:19.076000+00:00
250f6434275928bc_380458611803315.jpg,33.600377017032,73.037600835729,250f6434275928bc,380458611803315,2024-09-27T13:21:46.638000+00:00
a94f16ce3aaf6cf4_154612963208901.jpg,33.607659819567,73.06569367654,a94f16ce3aaf6cf4,154612963208901,2017-12-12T06:20:19.076000+00:00
81cc35d2da60e94d_1482684772435893.jpg,33.60018948809,73.038251333454,81cc35d2da60e94d,1482684772435893,2024-09-27T13:21:37.663000+00:00
4bd7300c23526423_1070935555038554.jpg,33.593897760218,73.050313309198,4bd7300c23526423,1070935555038554,2024-09-27T13:18:28.635000+00:00
cdfe8ca9505479d5_418498484605567.jpg,33.588244299006,73.060547394712,cdfe8ca9505479d5,418498484605567,2024-09-27T13:15:04.625000+00:00
9f52dcfaa9ee88d0_841966451072416.jpg,33.587851646477,73.061269617763,9f52dcfaa9ee88d0,841966451072416,2024-09-27T13:14:58.647000+00:00
09cb4a72a08250fe_1080452337125502.jpg,33.58956668766,73.056069828376,09cb4a72a08250fe,1080452337125502,2024-09-27T13:16:51.602000+00:00
2398ad5caabaf21f_165276608934607.jpg,33.604100182026,73.049218864052,2398ad5caabaf21f,165276608934607,2019-10-27T12:06:00.233000+00:00
cc736a03dbbba994_509389672016850.jpg,33.59451359465,73.049512539953,cc736a03dbbba994,509389672016850,2024-09-27T13:18:42.597000+00:00
4f9d93ae61b4730d_887002420027781.jpg,33.587181155551,73.062097558126,4f9d93ae61b4730d,887002420027781,2024-09-27T13:14:49.603000+00:00
9e1b5d053efe0a39_1217174742829074.jpg,33.595013293009,73.048890440838,9e1b5d053efe0a39,1217174742829074,2024-09-27T13:18:52.592000+00:00
7e62eed98ad116b0_154612963208901.jpg,33.607659819567,73.06569367654,7e62eed98ad116b0,154612963208901,2017-12-12T06:20:19.076000+00:00
6504e8394a35b903_1900164696797607.jpg,33.5927879,73.056559151777,6504e8394a35b903,1900164696797607,2018-06-27T14:07:59.772000+00:00
ef0cb3ece7f13248_2993687294102975.jpg,33.58988086628,73.055576625127,ef0cb3ece7f13248,2993687294102975,2024-09-27T13:16:55.575000+00:00
aeeedc1546f07312_406901548896220.jpg,33.585302456365,73.063931537693,aeeedc1546f07312,406901548896220,2024-09-27T13:14:03.561000+00:00
c3ad90d90239b693_1900164696797607.jpg,33.5927879,73.056559151777,c3ad90d90239b693,1900164696797607,2018-06-27T14:07:59.772000+00:00
429e7e8ea478433a_1170113607387789.jpg,33.602398412525,73.031039282983,429e7e8ea478433a,1170113607387789,2024-09-27T13:25:40.711000+00:00
6b0e9c18cbd9d294_1758138601598913.jpg,33.598350467645,73.04396842053,6b0e9c18cbd9d294,1758138601598913,2024-09-27T13:20:46.671000+00:00
8bb47d92965969c2_1900164696797607.jpg,33.5927879,73.056559151777,8bb47d92965969c2,1900164696797607,2018-06-27T14:07:59.772000+00:00
9ee2323881f6f12b_1900164696797607.jpg,33.5927879,73.056559151777,9ee2323881f6f12b,1900164696797607,2018-06-27T14:07:59.772000+00:00
334c1d8fd13831f8_425872150532876.jpg,33.600752891222,73.036343304926,334c1d8fd13831f8,425872150532876,2024-09-27T13:22:31.613000+00:00
132859d17525cfe5_1217213606057327.jpg,33.596494597894,73.046938622101,132859d17525cfe5,1217213606057327,2024-09-27T13:19:43.651000+00:00
d56cb86118b70c3a_8376839002406298.jpg,33.590063940682,73.055334497423,d56cb86118b70c3a,8376839002406298,2024-09-27T13:16:57.625000+00:00
9c01171f9741c9be_154612963208901.jpg,33.607659819567,73.06569367654,9c01171f9741c9be,154612963208901,2017-12-12T06:20:19.076000+00:00
0ac794aa161d6117_154612963208901.jpg,33.607659819567,73.06569367654,0ac794aa161d6117,154612963208901,2017-12-12T06:20:19.076000+00:00
d690438d40f6ab90_1564979634158499.jpg,33.60288986317,73.029578036281,d690438d40f6ab90,1564979634158499,2024-09-27T13:25:56.614000+00:00
1e75afa7adbbea77_1064253165425730.jpg,33.586879749639,73.062350845845,1e75afa7adbbea77,1064253165425730,2024-09-27T13:14:43.662000+00:00
7d00372cc09b2df8_1900164696797607.jpg,33.5927879,73.056559151777,7d00372cc09b2df8,1900164696797607,2018-06-27T14:07:59.772000+00:00
50455061d37290d0_516927404294193.jpg,33.58909779315,73.057230839389,50455061d37290d0,516927404294193,2024-09-27T13:16:41.647000+00:00
62ffa0d1e7a72943_8335088939859885.jpg,33.598174897523,73.044438399348,62ffa0d1e7a72943,8335088939859885,2024-09-27T13:20:33.603000+00:00
04ef84dafb944565_1224085775455621.jpg,33.601438959758,73.034082410401,04ef84dafb944565,1224085775455621,2024-09-27T13:25:05.648000+00:00
dd8cdda9ade52124_852161233569705.jpg,33.59583457596,73.047761982382,dd8cdda9ade52124,852161233569705,2024-09-27T13:19:18.597000+00:00
32439c14db438840_154612963208901.jpg,33.607659819567,73.06569367654,32439c14db438840,154612963208901,2017-12-12T06:20:19.076000+00:00
d72e52a0b46e1d79_1287444592633822.jpg,33.603551026288,73.027308778504,d72e52a0b46e1d79,1287444592633822,2024-09-27T13:26:40.647000+00:00
013302c069ca60ec_1766271497468965.jpg,33.594658078266,73.049345052036,013302c069ca60ec,1766271497468965,2024-09-27T13:18:45.684000+00:00
29b2a0ff67a5d4c7_1614746302787929.jpg,33.58702073655,73.062246362941,29b2a0ff67a5d4c7,1614746302787929,2024-09-27T13:14:46.628000+00:00
6ab8bb47976cb899_192187496090676.jpg,33.604100109143,73.049218718286,6ab8bb47976cb899,192187496090676,2019-10-27T12:05:58.830000+00:00
c2c7afc5e264b789_1081414226983567.jpg,33.59115890602,73.053838946433,c2c7afc5e264b789,1081414226983567,2024-09-27T13:17:09.568000+00:00
9dca8b867a2b9203_154612963208901.jpg,33.607659819567,73.06569367654,9dca8b867a2b9203,154612963208901,2017-12-12T06:20:19.076000+00:00
45e065b4abb44207_499833626295969.jpg,33.600803282999,73.036164448317,45e065b4abb44207,499833626295969,2024-09-27T13:22:37.623000+00:00
76295e1fdad4c493_546949997741978.jpg,33.601400996349,73.034178807109,76295e1fdad4c493,546949997741978,2024-09-27T13:25:04.715000+00:00
8704b8b13bdf8caa_1065964548501710.jpg,33.595061093544,73.048833936992,8704b8b13bdf8caa,1065964548501710,2024-09-27T13:18:53.621000+00:00
fdfe27063313c690_154612963208901.jpg,33.607659819567,73.06569367654,fdfe27063313c690,154612963208901,2017-12-12T06:20:19.076000+00:00
a1d79ddded40e1d2_1081414226983567.jpg,33.59115890602,73.053838946433,a1d79ddded40e1d2,1081414226983567,2024-09-27T13:17:09.568000+00:00
04d6cb24408affba_821575043383762.jpg,33.597394866743,73.045766525748,04d6cb24408affba,821575043383762,2024-09-27T13:20:08.617000+00:00
f2a7e802e8a0d296_154612963208901.jpg,33.607659819567,73.06569367654,f2a7e802e8a0d296,154612963208901,2017-12-12T06:20:19.076000+00:00
205a5edf98d6173d_1900164696797607.jpg,33.5927879,73.056559151777,205a5edf98d6173d,1900164696797607,2018-06-27T14:07:59.772000+00:00
aa35de3b3e41ae3f_3906885322965155.jpg,33.601313758456,73.034440101707,aa35de3b3e41ae3f,3906885322965155,2024-09-27T13:25:01.650000+00:00
394f2d78add5c3e8_1116940419992174.jpg,33.597454085213,73.045694103029,394f2d78add5c3e8,1116940419992174,2024-09-27T13:20:10.578000+00:00
a36c6e8aca9362b7_1900164696797607.jpg,33.5927879,73.056559151777,a36c6e8aca9362b7,1900164696797607,2018-06-27T14:07:59.772000+00:00
1d31819a4e8a839c_1778236616255596.jpg,33.598731443401,73.042946925217,1d31819a4e8a839c,1778236616255596,2024-09-27T13:21:00.655000+00:00
b0e69690cf8e5983_749866507271527.jpg,33.589428477849,73.056323157385,b0e69690cf8e5983,749866507271527,2024-09-27T13:16:49.655000+00:00
188caf1fa20b3478_154612963208901.jpg,33.607659819567,73.06569367654,188caf1fa20b3478,154612963208901,2017-12-12T06:20:19.076000+00:00
fde948f41bb8f001_1173216337097306.jpg,33.596061188927,73.047478822238,fde948f41bb8f001,1173216337097306,2024-09-27T13:19:30.641000+00:00
222cce90db965fa9_154612963208901.jpg,33.607659819567,73.06569367654,222cce90db965fa9,154612963208901,2017-12-12T06:20:19.076000+00:00
5c41e5dcd18a50d1_468851629537921.jpg,33.593508112401,73.050858621758,5c41e5dcd18a50d1,468851629537921,2024-09-27T13:18:15.619000+00:00
5200d2af18598abe_905676001448924.jpg,33.595721901538,73.047908592212,5200d2af18598abe,905676001448924,2024-09-27T13:19:13.725000+00:00
41a0d2e09cfbe810_154612963208901.jpg,33.607659819567,73.06569367654,41a0d2e09cfbe810,154612963208901,2017-12-12T06:20:19.076000+00:00
79908e09a48c4ccf_8127159994077697.jpg,33.584782710129,73.065066693623,79908e09a48c4ccf,8127159994077697,2024-09-27T13:13:53.561000+00:00
3f1292592c3ad3d5_555265613727812.jpg,33.591798501664,73.053081791267,3f1292592c3ad3d5,555265613727812,2024-09-27T13:17:16.562000+00:00
44276112e5567d33_1607740129811810.jpg,33.583384309203,73.067009315833,44276112e5567d33,1607740129811810,2024-09-27T13:13:26.564000+00:00
726cfaeded422446_1065964548501710.jpg,33.595061093544,73.048833936992,726cfaeded422446,1065964548501710,2024-09-27T13:18:53.621000+00:00
dbb55b34b8ec9907_154612963208901.jpg,33.607659819567,73.06569367654,dbb55b34b8ec9907,154612963208901,2017-12-12T06:20:19.076000+00:00
58785a3b67f0e784_1070935555038554.jpg,33.593897760218,73.050313309198,58785a3b67f0e784,1070935555038554,2024-09-27T13:18:28.635000+00:00
a37ab81cbcf55865_1202191784417733.jpg,33.600999708327,73.035506319768,a37ab81cbcf55865,1202191784417733,2024-09-27T13:23:00.691000+00:00
51c79d1d6481375a_1303264737504881.jpg,33.603582516047,73.027198276247,51c79d1d6481375a,1303264737504881,2024-09-27T13:26:58.706000+00:00
9269661d086b7714_3695246200805296.jpg,33.589069590112,73.057333351401,9269661d086b7714,3695246200805296,2024-09-27T13:16:40.605000+00:00
2eb9385168366cc5_418180837980499.jpg,33.603789271425,73.026514908146,2eb9385168366cc5,418180837980499,2024-09-27T13:28:25.653000+00:00
1d368d62fc89775a_1900164696797607.jpg,33.5927879,73.056559151777,1d368d62fc89775a,1900164696797607,2018-06-27T14:07:59.772000+00:00
bf7de5622ad276c1_1065964548501710.jpg,33.595061093544,73.048833936992,bf7de5622ad276c1,1065964548501710,2024-09-27T13:18:53.621000+00:00
05701504e0928b2c_1570027293903904.jpg,33.5975102621,73.045611005028,05701504e0928b2c,1570027293903904,2024-09-27T13:20:12.720000+00:00
cfb6bce6093eaa8c_2326421241031667.jpg,33.599926593034,73.039217348401,cfb6bce6093eaa8c,2326421241031667,2024-09-27T13:21:30.721000+00:00
04f14d3a91139668_351975264665282.jpg,33.598492524525,73.043620478769,04f14d3a91139668,351975264665282,2024-09-27T13:20:53.648000+00:00
8a1d9f50d38c1ce0_154612963208901.jpg,33.607659819567,73.06569367654,8a1d9f50d38c1ce0,154612963208901,2017-12-12T06:20:19.076000+00:00
4acfb12609d468c2_896888712325120.jpg,33.602681505759,73.030125767127,4acfb12609d468c2,896888712325120,2024-09-27T13:25:49.695000+00:00
5397b0eba9371a21_841966451072416.jpg,33.587851646477,73.061269617763,5397b0eba9371a21,841966451072416,2024-09-27T13:14:58.647000+00:00
c52557e47d7937ed_593875443294137.jpg,33.600532711796,73.036953155049,c52557e47d7937ed,593875443294137,2024-09-27T13:22:13.627000+00:00
727e6098fc70a5d1_499833626295969.jpg,33.600803282999,73.036164448317,727e6098fc70a5d1,499833626295969,2024-09-27T13:22:37.623000+00:00
40c95e16474eef57_2022834591491407.jpg,33.587075536361,73.062199553619,40c95e16474eef57,2022834591491407,2024-09-27T13:14:47.582000+00:00
ef3066b76045bb85_903490155001257.jpg,33.589228179818,73.056790515694,ef3066b76045bb85,903490155001257,2024-09-27T13:16:45.568000+00:00
8d8e691efac153a1_903490155001257.jpg,33.589228179818,73.056790515694,8d8e691efac153a1,903490155001257,2024-09-27T13:16:45.568000+00:00
e0fe7e00e2154a25_555265613727812.jpg,33.591798501664,73.053081791267,e0fe7e00e2154a25,555265613727812,2024-09-27T13:17:16.562000+00:00
dff44e94cb586529_1570027293903904.jpg,33.5975102621,73.045611005028,dff44e94cb586529,1570027293903904,2024-09-27T13:20:12.720000+00:00
abe3d2279f84bc8b_518285257626963.jpg,33.599055914385,73.041967790814,abe3d2279f84bc8b,518285257626963,2024-09-27T13:21:08.613000+00:00
628f62e135635442_154612963208901.jpg,33.607659819567,73.06569367654,628f62e135635442,154612963208901,2017-12-12T06:20:19.076000+00:00
faeb12d29011621a_1818846311976941.jpg,33.594761919054,73.049211606393,faeb12d29011621a,1818846311976941,2024-09-27T13:18:47.612000+00:00
4ef298fdcfe788bb_441142228985365.jpg,33.58877318141,73.059055363366,4ef298fdcfe788bb,441142228985365,2024-09-27T13:15:15.553000+00:00
caebb5fa6c537378_1649978252399405.jpg,33.600047364876,73.038817511971,caebb5fa6c537378,1649978252399405,2024-09-27T13:21:33.603000+00:00
1cd4a50cb2df3a16_154612963208901.jpg,33.607659819567,73.06569367654,1cd4a50cb2df3a16,154612963208901,2017-12-12T06:20:19.076000+00:00
5b522f0d6c4609e6_2022834591491407.jpg,33.587075536361,73.062199553619,5b522f0d6c4609e6,2022834591491407,2024-09-27T13:14:47.582000+00:00
534e321507468f27_1306827504065146.jpg,33.590731021574,73.054436043271,534e321507468f27,1306827504065146,2024-09-27T13:17:04.576000+00:00
dc77d23a268df232_903490155001257.jpg,33.589228179818,73.056790515694,dc77d23a268df232,903490155001257,2024-09-27T13:16:45.568000+00:00
1d9e7bc0b97b22c5_527475939871463.jpg,33.595907901682,73.047671130435,1d9e7bc0b97b22c5,527475939871463,2024-09-27T13:19:22.609000+00:00
87f58e5ed8014ae2_498628299715402.jpg,33.599203976774,73.041516080309,87f58e5ed8014ae2,498628299715402,2024-09-27T13:21:12.596000+00:00
b5e03af8dee60ed2_1067141964968676.jpg,33.598662082059,73.043165404806,b5e03af8dee60ed2,1067141964968676,2024-09-27T13:20:58.698000+00:00
5c0604a616c0efe6_1737877747000104.jpg,33.600576465003,73.036843133853,5c0604a616c0efe6,1737877747000104,2024-09-27T13:22:16.596000+00:00
eb227bb1d62384bf_1900164696797607.jpg,33.5927879,73.056559151777,eb227bb1d62384bf,1900164696797607,2018-06-27T14:07:59.772000+00:00
aa0330210f185f73_503478555862055.jpg,33.588529723838,73.059886805987,aa0330210f185f73,503478555862055,2024-09-27T13:15:09.634000+00:00
c876effa9349b33e_409069598677545.jpg,33.601232056616,73.034687847414,c876effa9349b33e,409069598677545,2024-09-27T13:24:57.600000+00:00
f12ad7095a41169a_8681241705232194.jpg,33.598212637143,73.044330207276,f12ad7095a41169a,8681241705232194,2024-09-27T13:20:35.620000+00:00
a7afa9d6287e9eca_1217174742829074.jpg,33.595013293009,73.048890440838,a7afa9d6287e9eca,1217174742829074,2024-09-27T13:18:52.592000+00:00
0d9531bc8656d23b_1116940419992174.jpg,33.597454085213,73.045694103029,0d9531bc8656d23b,1116940419992174,2024-09-27T13:20:10.578000+00:00
ad2fad0ef6b48e09_2284635775230061.jpg,33.597621821621,73.045447827325,ad2fad0ef6b48e09,2284635775230061,2024-09-27T13:20:15.620000+00:00
f6a661584ea0d7e1_154612963208901.jpg,33.607659819567,73.06569367654,f6a661584ea0d7e1,154612963208901,2017-12-12T06:20:19.076000+00:00
e2e2bdd481abedb1_1818846311976941.jpg,33.594761919054,73.049211606393,e2e2bdd481abedb1,1818846311976941,2024-09-27T13:18:47.612000+00:00
45e6c79dd1e63c81_1900164696797607.jpg,33.5927879,73.056559151777,45e6c79dd1e63c81,1900164696797607,2018-06-27T14:07:59.772000+00:00
dc5fed037853c323_1084548963018922.jpg,33.601513482989,73.033897853055,dc5fed037853c323,1084548963018922,2024-09-27T13:25:07.683000+00:00
279b2d83f33ed660_1900164696797607.jpg,33.5927879,73.056559151777,279b2d83f33ed660,1900164696797607,2018-06-27T14:07:59.772000+00:00
6a490d7ebff29c28_1900164696797607.jpg,33.5927879,73.056559151777,6a490d7ebff29c28,1900164696797607,2018-06-27T14:07:59.772000+00:00
d79650b30a5106db_535087799128789.jpg,33.593813399736,73.050427807346,d79650b30a5106db,535087799128789,2024-09-27T13:18:26.589000+00:00
ff1d76ecca6e999a_2937108386448214.jpg,33.600293253025,73.03788682771,ff1d76ecca6e999a,2937108386448214,2024-09-27T13:21:41.596000+00:00
fd99c6086ff5a04f_1900164696797607.jpg,33.5927879,73.056559151777,fd99c6086ff5a04f,1900164696797607,2018-06-27T14:07:59.772000+00:00
a4a5738c34d52509_1065964548501710.jpg,33.595061093544,73.048833936992,a4a5738c34d52509,1065964548501710,2024-09-27T13:18:53.621000+00:00
c2478cd5e3be40c0_510854531918962.jpg,33.601475658205,73.033991780393,c2478cd5e3be40c0,510854531918962,2024-09-27T13:25:06.617000+00:00
73bd539808890dd7_154612963208901.jpg,33.607659819567,73.06569367654,73bd539808890dd7,154612963208901,2017-12-12T06:20:19.076000+00:00
239ff425aafe7e74_154612963208901.jpg,33.607659819567,73.06569367654,239ff425aafe7e74,154612963208901,2017-12-12T06:20:19.076000+00:00
4c34c1c82534065f_891260245893242.jpg,33.594241957983,73.049830064608,4c34c1c82534065f,891260245893242,2024-09-27T13:18:35.623000+00:00
1f4260d08e93deca_1287444592633822.jpg,33.603551026288,73.027308778504,1f4260d08e93deca,1287444592633822,2024-09-27T13:26:40.647000+00:00
